{
  "credit_score": 9179.8828125,
  "credit_score_bin": 9150.8583984375,
  "annual_income": 7747.99169921875,
  "total_income": 3123.942626953125,
  "monthly_surplus": 641.550048828125,
  "income_per_dependent": 140.8968505859375,
  "has_other_income": 44.72099304199219,
  "payment_per_month": 43.43644332885742,
  "other_income": 43.32804489135742,
  "payment_burden": 39.95797348022461,
  "debt_to_income": 36.995391845703125,
  "monthly_expenses": 35.20164489746094,
  "app_quarter": 34.86433410644531,
  "dependents": 34.334075927734375,
  "existing_emi": 33.991233825683594,
  "bank_balance": 33.23574447631836,
  "loan_to_income": 33.0634765625,
  "age_bin": 32.36429214477539,
  "loan_to_value": 31.89646339416504,
  "credit_utilization_pct": 31.828414916992188,
  "city_encoded": 31.546056747436523,
  "loan_amount": 31.005210876464844,
  "employment_type_encoded": 30.910959243774414,
  "savings_balance": 30.699440002441406,
  "num_credit_inquiries": 30.49287223815918,
  "education_ordinal": 30.27137565612793,
  "app_days_since_ref": 30.23875617980957,
  "balance_to_expenses": 30.018068313598633,
  "years_at_current_job": 29.940587997436523,
  "app_month": 29.923297882080078,
  "property_value": 28.741891860961914,
  "interest_rate": 28.503198623657227,
  "app_day_of_week": 28.459890365600586,
  "applicant_age": 28.25364112854004,
  "loan_term_months": 27.851816177368164,
  "num_defaults_last_5y": 27.488529205322266,
  "gender_encoded": 27.30299186706543,
  "marital_status_encoded": 27.132192611694336,
  "total_debt_exposure": 27.01460075378418,
  "savings_to_loan": 26.736799240112305,
  "num_existing_loans": 25.451295852661133,
  "state_encoded": 25.301069259643555,
  "loan_purpose_encoded": 24.07054328918457,
  "app_year": 23.64080810546875,
  "has_co_applicant": 22.67793083190918,
  "application_channel_encoded": 21.97545051574707,
  "property_type_encoded": 18.958934783935547
}