{
  "credit_score_bin": 6532.40966796875,
  "credit_score": 3579.104248046875,
  "annual_income": 2726.093017578125,
  "total_income": 755.3074951171875,
  "monthly_surplus": 265.14971923828125,
  "dependents": 87.07823181152344,
  "income_per_dependent": 85.02227783203125,
  "monthly_expenses": 52.462032318115234,
  "other_income": 48.145023345947266,
  "gender_encoded": 47.425804138183594,
  "has_other_income": 43.211551666259766,
  "existing_emi": 41.087127685546875,
  "marital_status_encoded": 40.73536682128906,
  "loan_amount": 38.67010498046875,
  "loan_to_income": 38.33907699584961,
  "has_co_applicant": 38.27152633666992,
  "application_channel_encoded": 38.11304473876953,
  "debt_to_income": 37.61278533935547,
  "employment_type_encoded": 36.65863037109375,
  "loan_to_value": 36.595863342285156,
  "interest_rate": 36.47572708129883,
  "credit_utilization_pct": 36.444271087646484,
  "balance_to_expenses": 36.291866302490234,
  "property_value": 36.273502349853516,
  "years_at_current_job": 36.053462982177734,
  "bank_balance": 36.04557418823242,
  "savings_to_loan": 35.899269104003906,
  "payment_burden": 35.75958251953125,
  "loan_term_months": 35.525325775146484,
  "payment_per_month": 35.2543830871582,
  "total_debt_exposure": 35.016143798828125,
  "savings_balance": 34.645042419433594,
  "app_days_since_ref": 34.63639831542969,
  "app_month": 34.584537506103516,
  "education_ordinal": 34.332706451416016,
  "applicant_age": 33.711082458496094,
  "state_encoded": 33.62617492675781,
  "num_defaults_last_5y": 33.414119720458984,
  "app_quarter": 33.201011657714844,
  "num_credit_inquiries": 32.468753814697266,
  "property_type_encoded": 31.873638153076172,
  "city_encoded": 31.663484573364258,
  "loan_purpose_encoded": 31.48834991455078,
  "age_bin": 30.63835334777832,
  "app_year": 30.407745361328125,
  "app_day_of_week": 30.193470001220703,
  "num_existing_loans": 29.482471466064453
}